{"cameraMode":{"drawMode":0,"name":"Shaded","section":"Shading Mode"},"sceneLighting":true,"audioPlay":false,"sceneViewState":{"m_AlwaysRefresh":false,"showFog":true,"showSkybox":true,"showFlares":true,"showImageEffects":true,"showParticleSystems":true,"showVisualEffectGraphs":true,"m_FxEnabled":false},"in2DMode":false,"pivot":{"x":-26.92330551147461,"y":12.714802742004395,"z":-33.193668365478519},"rotation":{"x":-0.12829340994358064,"y":-0.2307555377483368,"z":0.030810678377747537,"w":-0.9641947746276856},"size":10.449999809265137,"orthographic":false}