{"cameraMode":{"drawMode":0,"name":"Shaded","section":"Shading Mode"},"sceneLighting":true,"audioPlay":false,"sceneViewState":{"m_AlwaysRefresh":false,"showFog":true,"showSkybox":true,"showFlares":true,"showImageEffects":true,"showParticleSystems":true,"showVisualEffectGraphs":true,"m_FxEnabled":true},"in2DMode":false,"pivot":{"x":16.67164421081543,"y":5.311401844024658,"z":-45.598636627197269},"rotation":{"x":-0.37547045946121218,"y":-0.002230860525742173,"z":0.0009020594879984856,"w":-0.9268474578857422},"size":0.8660253882408142,"orthographic":false}